[
  {
    "city": "Delhi",
    "state_name": "Delhi",
    "population": 32226000
  },
  {
    "city": "Mumbai",
    "state_name": "Maharashtra",
    "population": 24973002
  },
  {
    "city": "Kolkata",
    "state_name": "West Bengal",
    "population": 18502000
  },
  {
    "city": "Bangalore",
    "state_name": "Karnataka",
    "population": 15386000
  },
  {
    "city": "Chennai",
    "state_name": "Tamil Nadu",
    "population": 12395000
  },
  {
    "city": "Hyderabad",
    "state_name": "Telangana",
    "population": 10494000
  },
  {
    "city": "Pune",
    "state_name": "Maharashtra",
    "population": 8231000
  },
  {
    "city": "Ahmedabad",
    "state_name": "Gujarat",
    "population": 8009000
  },
  {
    "city": "Sūrat",
    "state_name": "Gujarat",
    "population": 6538000
  },
  {
    "city": "Prayagraj",
    "state_name": "Uttar Pradesh",
    "population": 5954391
  },
  {
    "city": "Lucknow",
    "state_name": "Uttar Pradesh",
    "population": 3382000
  },
  {
    "city": "Jaipur",
    "state_name": "Rajasthan",
    "population": 3073350
  },
  {
    "city": "Cawnpore",
    "state_name": "Uttar Pradesh",
    "population": 2701324
  },
  {
    "city": "Mirzapur",
    "state_name": "Uttar Pradesh",
    "population": 2496970
  },
  {
    "city": "Nagpur",
    "state_name": "Maharashtra",
    "population": 2405665
  },
  {
    "city": "Ghaziabad",
    "state_name": "Uttar Pradesh",
    "population": 2375820
  },
  {
    "city": "Vadodara",
    "state_name": "Gujarat",
    "population": 2065771
  },
  {
    "city": "Vishakhapatnam",
    "state_name": "Andhra Pradesh",
    "population": 2035922
  },
  {
    "city": "Indore",
    "state_name": "Madhya Pradesh",
    "population": 1994397
  },
  {
    "city": "Thane",
    "state_name": "Maharashtra",
    "population": 1886941
  },
  {
    "city": "Bhopal",
    "state_name": "Madhya Pradesh",
    "population": 1798218
  },
  {
    "city": "Chinchvad",
    "state_name": "Maharashtra",
    "population": 1729320
  },
  {
    "city": "Patna",
    "state_name": "Bihar",
    "population": 1684222
  },
  {
    "city": "Bilaspur",
    "state_name": "Chhattīsgarh",
    "population": 1625502
  },
  {
    "city": "Ludhiana",
    "state_name": "Punjab",
    "population": 1618879
  },
  {
    "city": "Agwar",
    "state_name": "Uttar Pradesh",
    "population": 1585705
  },
  {
    "city": "Āgra",
    "state_name": "Uttar Pradesh",
    "population": 1585704
  },
  {
    "city": "Madurai",
    "state_name": "Tamil Nadu",
    "population": 1561129
  },
  {
    "city": "Jamshedpur",
    "state_name": "Jharkhand",
    "population": 1558000
  },
  {
    "city": "Nasik",
    "state_name": "Maharashtra",
    "population": 1486053
  },
  {
    "city": "Farīdabad",
    "state_name": "Haryana",
    "population": 1404653
  },
  {
    "city": "Aurangabad",
    "state_name": "Maharashtra",
    "population": 1371330
  },
  {
    "city": "Rajkot",
    "state_name": "Gujarat",
    "population": 1335397
  },
  {
    "city": "Meerut",
    "state_name": "Uttar Pradesh",
    "population": 1305429
  },
  {
    "city": "Jabalpur",
    "state_name": "Madhya Pradesh",
    "population": 1267564
  },
  {
    "city": "Kalamboli",
    "state_name": "Maharashtra",
    "population": 1246381
  },
  {
    "city": "Vasai",
    "state_name": "Maharashtra",
    "population": 1222390
  },
  {
    "city": "Najafgarh",
    "state_name": "Delhi",
    "population": 1203180
  },
  {
    "city": "Varanasi",
    "state_name": "Uttar Pradesh",
    "population": 1198491
  },
  {
    "city": "Srīnagar",
    "state_name": "Jammu and Kashmīr",
    "population": 1180570
  },
  {
    "city": "Dhanbad",
    "state_name": "Jharkhand",
    "population": 1162472
  },
  {
    "city": "Amritsar",
    "state_name": "Punjab",
    "population": 1132383
  },
  {
    "city": "Alīgarh",
    "state_name": "Uttar Pradesh",
    "population": 1131160
  },
  {
    "city": "Guwahati",
    "state_name": "Assam",
    "population": 1116267
  },
  {
    "city": "Haora",
    "state_name": "West Bengal",
    "population": 1077075
  },
  {
    "city": "Ranchi",
    "state_name": "Jharkhand",
    "population": 1073440
  },
  {
    "city": "Gwalior",
    "state_name": "Madhya Pradesh",
    "population": 1069276
  },
  {
    "city": "Chandīgarh",
    "state_name": "Chandīgarh",
    "population": 1055450
  },
  {
    "city": "Vijayavada",
    "state_name": "Andhra Pradesh",
    "population": 1048240
  },
  {
    "city": "Jodhpur",
    "state_name": "Rajasthan",
    "population": 1033918
  },
  {
    "city": "Raipur",
    "state_name": "Chhattīsgarh",
    "population": 1010087
  },
  {
    "city": "Kota",
    "state_name": "Rajasthan",
    "population": 1001694
  },
  {
    "city": "Kalkaji Devi",
    "state_name": "Delhi",
    "population": 824177
  },
  {
    "city": "Bhayandar",
    "state_name": "Maharashtra",
    "population": 809378
  },
  {
    "city": "Ambattūr",
    "state_name": "Tamil Nadu",
    "population": 466205
  },
  {
    "city": "Salt Lake City",
    "state_name": "West Bengal",
    "population": 403316
  },
  {
    "city": "Bhatpara",
    "state_name": "West Bengal",
    "population": 386019
  },
  {
    "city": "Kūkatpalli",
    "state_name": "Andhra Pradesh",
    "population": 385821
  },
  {
    "city": "Darbhanga",
    "state_name": "Bihar",
    "population": 380125
  },
  {
    "city": "Dasarhalli",
    "state_name": "Karnataka",
    "population": 349720
  },
  {
    "city": "Muzaffarpur",
    "state_name": "Bihar",
    "population": 333200
  },
  {
    "city": "Oulgaret",
    "state_name": "Puducherry",
    "population": 300104
  },
  {
    "city": "New Delhi",
    "state_name": "Delhi",
    "population": 249998
  },
  {
    "city": "Tiruvottiyūr",
    "state_name": "Tamil Nadu",
    "population": 249446
  },
  {
    "city": "Puducherry",
    "state_name": "Puducherry",
    "population": 244377
  },
  {
    "city": "Byatarayanpur",
    "state_name": "Karnataka",
    "population": 239902
  },
  {
    "city": "Pallavaram",
    "state_name": "Tamil Nadu",
    "population": 215417
  },
  {
    "city": "Secunderabad",
    "state_name": "Andhra Pradesh",
    "population": 213698
  },
  {
    "city": "Shimla",
    "state_name": "Himachal Pradesh",
    "population": 206575
  },
  {
    "city": "Puri",
    "state_name": "Odisha",
    "population": 201026
  },
  {
    "city": "Shrīrampur",
    "state_name": "West Bengal",
    "population": 181842
  },
  {
    "city": "Hugli",
    "state_name": "West Bengal",
    "population": 179931
  },
  {
    "city": "Chandannagar",
    "state_name": "West Bengal",
    "population": 166867
  },
  {
    "city": "Sultanpur Mazra",
    "state_name": "Delhi",
    "population": 163716
  },
  {
    "city": "Krishnanagar",
    "state_name": "West Bengal",
    "population": 153062
  },
  {
    "city": "Barakpur",
    "state_name": "West Bengal",
    "population": 152783
  },
  {
    "city": "Bhalswa Jahangirpur",
    "state_name": "Delhi",
    "population": 151427
  },
  {
    "city": "Nangloi Jat",
    "state_name": "Delhi",
    "population": 150371
  },
  {
    "city": "Yelahanka",
    "state_name": "Karnataka",
    "population": 119891
  },
  {
    "city": "Titagarh",
    "state_name": "West Bengal",
    "population": 116541
  },
  {
    "city": "Dam Dam",
    "state_name": "West Bengal",
    "population": 114786
  },
  {
    "city": "Bansbaria",
    "state_name": "West Bengal",
    "population": 103920
  },
  {
    "city": "Madhavaram",
    "state_name": "Tamil Nadu",
    "population": 100442
  },
  {
    "city": "Baj Baj",
    "state_name": "West Bengal",
    "population": 76837
  },
  {
    "city": "Nerkunram",
    "state_name": "Tamil Nadu",
    "population": 52570
  },
  {
    "city": "Kendraparha",
    "state_name": "Odisha",
    "population": 41404
  },
  {
    "city": "Sijua",
    "state_name": "Jharkhand",
    "population": 39372
  },
  {
    "city": "Manali",
    "state_name": "Tamil Nadu",
    "population": 37748
  },
  {
    "city": "Chakapara",
    "state_name": "West Bengal",
    "population": 35282
  },
  {
    "city": "Pappakurichchi",
    "state_name": "Tamil Nadu",
    "population": 26889
  },
  {
    "city": "Herohalli",
    "state_name": "Karnataka",
    "population": 23851
  },
  {
    "city": "Madipakkam",
    "state_name": "Tamil Nadu",
    "population": 20523
  },
  {
    "city": "Sabalpur",
    "state_name": "Bihar",
    "population": 18810
  },
  {
    "city": "Salua",
    "state_name": "West Bengal",
    "population": 15171
  },
  {
    "city": "Balasore",
    "state_name": "Odisha",
    "population": 13869
  },
  {
    "city": "Jalhalli",
    "state_name": "Karnataka",
    "population": 13063
  },
  {
    "city": "Chinnasekkadu",
    "state_name": "Tamil Nadu",
    "population": 12854
  },
  {
    "city": "Jethuli",
    "state_name": "Bihar",
    "population": 11572
  },
  {
    "city": "Nagtala",
    "state_name": "West Bengal",
    "population": 10419
  },
  {
    "city": "Bagalūr",
    "state_name": "Karnataka",
    "population": 9925
  },
  {
    "city": "Pakri",
    "state_name": "Bihar",
    "population": 9768
  },
  {
    "city": "Hunasamaranhalli",
    "state_name": "Karnataka",
    "population": 9741
  },
  {
    "city": "Hesarghatta",
    "state_name": "Karnataka",
    "population": 9485
  },
  {
    "city": "Bommayapalaiyam",
    "state_name": "Tamil Nadu",
    "population": 8796
  },
  {
    "city": "Gundūr",
    "state_name": "Tamil Nadu",
    "population": 8587
  },
  {
    "city": "Punadih",
    "state_name": "Bihar",
    "population": 8273
  },
  {
    "city": "Hariladih",
    "state_name": "Jharkhand",
    "population": 7917
  },
  {
    "city": "Alawalpur",
    "state_name": "Bihar",
    "population": 7827
  },
  {
    "city": "Madnaikanhalli",
    "state_name": "Karnataka",
    "population": 7805
  },
  {
    "city": "Kadiganahalli",
    "state_name": "Karnataka",
    "population": 7225
  },
  {
    "city": "Mahuli",
    "state_name": "Bihar",
    "population": 6683
  },
  {
    "city": "Zeyadah Kot",
    "state_name": "West Bengal",
    "population": 6457
  },
  {
    "city": "Arshakunti",
    "state_name": "Karnataka",
    "population": 6262
  },
  {
    "city": "Hīrapur",
    "state_name": "West Bengal",
    "population": 5910
  },
  {
    "city": "Mirchi",
    "state_name": "Bihar",
    "population": 5710
  },
  {
    "city": "Sonudih",
    "state_name": "Bihar",
    "population": 5658
  },
  {
    "city": "Sondekoppa",
    "state_name": "Karnataka",
    "population": 4866
  },
  {
    "city": "Babura",
    "state_name": "Bihar",
    "population": 4755
  },
  {
    "city": "Madavar",
    "state_name": "Karnataka",
    "population": 4678
  },
  {
    "city": "Kadabgeri",
    "state_name": "Karnataka",
    "population": 4573
  },
  {
    "city": "Nanmangalam",
    "state_name": "Tamil Nadu",
    "population": 4386
  },
  {
    "city": "Taliganja",
    "state_name": "West Bengal",
    "population": 4278
  },
  {
    "city": "Tarchha",
    "state_name": "Bihar",
    "population": 4198
  },
  {
    "city": "Belgharia",
    "state_name": "West Bengal",
    "population": 4193
  },
  {
    "city": "Kammanhalli",
    "state_name": "Karnataka",
    "population": 4144
  },
  {
    "city": "Sonnappanhalli",
    "state_name": "Karnataka",
    "population": 3996
  },
  {
    "city": "Kedihati",
    "state_name": "West Bengal",
    "population": 3910
  },
  {
    "city": "Doddajīvanhalli",
    "state_name": "Karnataka",
    "population": 3792
  },
  {
    "city": "Simli Murarpur",
    "state_name": "Bihar",
    "population": 3739
  },
  {
    "city": "Sonawan",
    "state_name": "Bihar",
    "population": 3682
  },
  {
    "city": "Devanandapur",
    "state_name": "West Bengal",
    "population": 3449
  },
  {
    "city": "Tribeni",
    "state_name": "West Bengal",
    "population": 3305
  },
  {
    "city": "Huttanhalli",
    "state_name": "Karnataka",
    "population": 3240
  },
  {
    "city": "Nathupur",
    "state_name": "Bihar",
    "population": 3129
  },
  {
    "city": "Bali",
    "state_name": "Bihar",
    "population": 3128
  },
  {
    "city": "Vajarhalli",
    "state_name": "Karnataka",
    "population": 3009
  },
  {
    "city": "Saino",
    "state_name": "Bihar",
    "population": 2987
  },
  {
    "city": "Shekhpura",
    "state_name": "Bihar",
    "population": 2950
  },
  {
    "city": "Cachohalli",
    "state_name": "Karnataka",
    "population": 2946
  },
  {
    "city": "Narayanpur Kola",
    "state_name": "Bihar",
    "population": 2919
  },
  {
    "city": "Gyan Chak",
    "state_name": "Bihar",
    "population": 2855
  },
  {
    "city": "Kasgatpur",
    "state_name": "Karnataka",
    "population": 2852
  },
  {
    "city": "Kitanelli",
    "state_name": "Karnataka",
    "population": 2827
  },
  {
    "city": "Harchandi",
    "state_name": "Bihar",
    "population": 2827
  },
  {
    "city": "Santoshpur",
    "state_name": "West Bengal",
    "population": 2808
  },
  {
    "city": "Bendravadi",
    "state_name": "Karnataka",
    "population": 2684
  },
  {
    "city": "Kodagihalli",
    "state_name": "Karnataka",
    "population": 2585
  },
  {
    "city": "Harna Buzurg",
    "state_name": "Bihar",
    "population": 2579
  },
  {
    "city": "Mailanhalli",
    "state_name": "Karnataka",
    "population": 2543
  },
  {
    "city": "Sultanpur",
    "state_name": "Bihar",
    "population": 2473
  }
]
